Model,MSE,R2,Return
CHRONOBERT,2.4048129879922984,-1.549283711399851,1.080310013438363
BERT,1.01014625090738,-0.07083145193744178,0.9638066487321062
Traditional,0.9140741746498294,0.03101221754814676,1.0099655256251903
